{"cameraMode":{"drawMode":0,"name":"Shaded","section":"Shading Mode"},"sceneLighting":true,"audioPlay":false,"sceneViewState":{"showFog":true,"showMaterialUpdate":false,"showSkybox":true,"showFlares":true,"showImageEffects":true,"showParticleSystems":true},"in2DMode":false,"pivot":{"x":503.02484130859377,"y":1.4942927360534669,"z":-329.6948547363281},"rotation":{"x":-0.2449396550655365,"y":-0.37031278014183047,"z":0.10188814252614975,"w":-0.8902233242988586},"size":2.0827200412750246,"orthographic":true}